gender,qualification,office,position,tenure,FTE,salary,bonus,pid,contractual,salary_standardized,bonus_standardized
Male,BA/ BSc,Office 3,Senior,256,1,1607,6950,1,Full-time,1607,6950
Male,BA/ BSc,Office 4,Senior,243,1,2184,6070,2,Full-time,2184,6070
Male,MA/ MSc,Office 6,Junior,224,0.800000011920929,1454.4000244140625,9410,3,Part-time,1818.000003427267,11762.499824725093
Male,MA/ MSc,Office 5,Senior,218,1,1757,7150,4,Full-time,1757,7150
Female,BA/ BSc,Office 6,Junior,214,1,993,6100,5,Full-time,993,6100
Male,Apprenticeship/ some college,Office 6,Junior,213,1,1576,6490,6,Full-time,1576,6490
Male,BA/ BSc,Office 3,Junior,211,1,1723,6210,7,Full-time,1723,6210
Diverse,MA/ MSc,Office 1,Junior,211,1,2229,0,8,Full-time,2229,0
Male,BA/ BSc,Office 1,Junior,210,0.800000011920929,1596,4390,9,Part-time,1994.9999702721839,5487.499918229879
Male,BA/ BSc,Office 4,Junior,207,1,2018,5560,10,Full-time,2018,5560
Male,BA/ BSc,Office 4,Junior,202,1,1892,8250,11,Full-time,1892,8250
Male,Apprenticeship/ some college,Office 5,Junior,202,1,1830,4460,12,Full-time,1830,4460
Male,BA/ BSc,Office 6,Senior,201,1,1990,6620,13,Full-time,1990,6620
Male,Apprenticeship/ some college,Office 4,Junior,200,1,1887,6860,14,Full-time,1887,6860
Male,BA/ BSc,Office 4,Junior,200,1,2282,5970,15,Full-time,2282,5970
Male,MA/ MSc,Office 3,Junior,199,0.6600000262260437,916.08001708984375,5390,16,Part-time,1387.999970739539,8166.666342152503
Male,BA/ BSc,Office 4,Senior,198,1,1814,5980,17,Full-time,1814,5980
Male,Apprenticeship/ some college,Office 1,Junior,195,0.5,581.5,4490,18,Part-time,1163,8980
Male,BA/ BSc,Office 4,Senior,193,1,2081,7450,19,Full-time,2081,7450
Male,BA/ BSc,Office 2,Senior,192,1,1940,7350,20,Full-time,1940,7350
Male,MA/ MSc,Office 1,Senior,190,1,2076,6070,21,Full-time,2076,6070
Male,Apprenticeship/ some college,Office 3,Junior,189,1,1790,5470,22,Full-time,1790,5470
Male,BA/ BSc,Office 1,Junior,188,1,1402,6600,23,Full-time,1402,6600
Male,Apprenticeship/ some college,Office 3,Junior,186,1,1527,7860,24,Full-time,1527,7860
Male,Apprenticeship/ some college,Office 5,Senior,184,1,1404,7740,25,Full-time,1404,7740
Male,BA/ BSc,Office 2,Junior,184,0.800000011920929,1593.5999755859375,5690,26,Part-time,1991.9999397993097,7112.499894015493
Male,BA/ BSc,Office 6,Assistant,182,1,1720,7060,27,Full-time,1720,7060
Male,Apprenticeship/ some college,Office 4,Junior,181,1,1182,6360,28,Full-time,1182,6360
Male,BA/ BSc,Office 4,Junior,180,1,1636,6860,29,Full-time,1636,6860
Male,BA/ BSc,Office 3,Junior,179,1,2070,6190,30,Full-time,2070,6190
Male,BA/ BSc,Office 4,Junior,177,1,2083,5800,31,Full-time,2083,5800
Male,Apprenticeship/ some college,Office 3,Junior,177,1,1750,8350,32,Full-time,1750,8350
Male,BA/ BSc,Office 2,Junior,177,1,1532,5960,33,Full-time,1532,5960
Male,BA/ BSc,Office 3,Junior,177,0.800000011920929,1334.4000244140625,5440,34,Part-time,1668.0000056624413,6799.999898672106
Male,BA/ BSc,Office 4,Junior,173,0.800000011920929,1550.4000244140625,5100,35,Part-time,1938.0000016391277,6374.999905005099
Female,MA/ MSc,Office 6,Junior,173,1,2347,5850,36,Full-time,2347,5850
Female,BA/ BSc,Office 4,Junior,172,0.800000011920929,1168,4900,37,Part-time,1459.9999782443049,6124.999908730389
Female,MA/ MSc,Office 4,Junior,172,1,1711,6280,38,Full-time,1711,6280
Male,BA/ BSc,Office 3,Junior,171,1,2435,6130,39,Full-time,2435,6130
Male,Apprenticeship/ some college,Office 4,Junior,171,0.800000011920929,1564.800048828125,4670,40,Part-time,1956.0000318884845,5837.499913014472
Female,BA/ BSc,Office 6,Junior,170,1,1394,5240,41,Full-time,1394,5240
Male,MA/ MSc,Office 6,Senior,170,0.800000011920929,1341.5999755859375,6200,42,Part-time,1676.9999444931755,7749.999884516003
Male,Apprenticeship/ some college,Office 6,Junior,170,0.6600000262260437,1236.1800537109375,7340,43,Part-time,1873.0000069538748,11121.211679294873
Male,BA/ BSc,Office 3,Junior,170,0.800000011920929,1560.800048828125,5920,44,Part-time,1951.0000319629903,7399.999889731409
Male,Apprenticeship/ some college,Office 2,Junior,170,0.800000011920929,923.20001220703125,4770,45,Part-time,1153.999998062849,5962.499911151827
Male,MA/ MSc,Office 1,Junior,169,1,2200,5820,46,Full-time,2200,5820
Male,BA/ BSc,Office 2,Junior,169,1,1367,5280,47,Full-time,1367,5280
Male,BA/ BSc,Office 5,Junior,169,0.6600000262260437,1308.780029296875,5490,48,Part-time,1982.9999655918655,8318.181487646983
Female,MA/ MSc,Office 5,Junior,169,0.6600000262260437,971.52001953125,5200,49,Part-time,1471.9999711007795,7878.78756571299
Male,BA/ BSc,Office 5,Senior,169,1,2168,6680,50,Full-time,2168,6680
Female,BA/ BSc,Office 2,Junior,169,1,1405,4940,51,Full-time,1405,4940
Female,MA/ MSc,Office 2,Junior,168,1,1854,4800,52,Full-time,1854,4800
Male,BA/ BSc,Office 2,Junior,168,1,1540,4840,53,Full-time,1540,4840
Male,BA/ BSc,Office 3,Junior,167,0.800000011920929,1472,5250,54,Part-time,1839.9999725818639,6562.4999022111315
Male,Apprenticeship/ some college,Office 1,Junior,166,1,1500,6130,55,Full-time,1500,6130
Male,Apprenticeship/ some college,Office 2,Junior,166,1,1605,7570,56,Full-time,1605,7570
Male,BA/ BSc,Office 2,Junior,165,1,2247,5230,57,Full-time,2247,5230
Male,MA/ MSc,Office 3,Senior,165,1,1501,5360,58,Full-time,1501,5360
Male,BA/ BSc,Office 5,Junior,165,0.800000011920929,1251.2000732421875,6120,59,Part-time,1564.0000682473174,7649.999886006119
Male,MA/ MSc,Office 2,Junior,163,1,2327,7690,60,Full-time,2327,7690
Male,Apprenticeship/ some college,Office 4,Junior,163,0.800000011920929,1345.5999755859375,5240,61,Part-time,1681.9999444186697,6549.999902397396
Male,Apprenticeship/ some college,Office 6,Junior,163,0.5,872,3600,62,Part-time,1744,7200
Male,BA/ BSc,Office 2,Junior,162,1,1874,4640,63,Full-time,1874,4640
Male,BA/ BSc,Office 5,Junior,162,1,1771,6990,64,Full-time,1771,6990
Male,BA/ BSc,Office 6,Junior,162,0.5,745,5080,65,Part-time,1490,10160
Male,BA/ BSc,Office 4,Junior,162,0.6600000262260437,937.20001220703125,7450,66,Part-time,1419.9999620697731,11287.878339338802
Male,BA/ BSc,Office 4,Junior,162,1,1727,5640,67,Full-time,1727,5640
Female,Apprenticeship/ some college,Office 4,Junior,157,1,1974,4370,68,Full-time,1974,4370
Male,BA/ BSc,Office 3,Junior,156,1,1851,5750,69,Full-time,1851,5750
Male,BA/ BSc,Office 4,Junior,155,1,2309,5910,70,Full-time,2309,5910
Female,Apprenticeship/ some college,Office 6,Junior,154,1,2344,6080,71,Full-time,2344,6080
Female,BA/ BSc,Office 6,Junior,153,1,1653,4690,72,Full-time,1653,4690
Male,BA/ BSc,Office 4,Junior,153,0.800000011920929,1359.2000732421875,4260,73,Part-time,1699.0000662356606,5324.999920651318
Female,BA/ BSc,Office 4,Junior,152,0.6600000262260437,679.1400146484375,4180,74,Part-time,1028.9999813058166,6333.333081669288
Male,MA/ MSc,Office 1,Junior,151,1,2085,6700,75,Full-time,2085,6700
Male,BA/ BSc,Office 4,Junior,151,1,1952,6260,76,Full-time,1952,6260
Male,BA/ BSc,Office 6,Junior,151,1,1487,6390,77,Full-time,1487,6390
Male,Apprenticeship/ some college,Office 4,Junior,151,0.800000011920929,604,4800,78,Part-time,754.9999887496234,5999.999910593034
Male,BA/ BSc,Office 3,Junior,151,1,1846,6900,79,Full-time,1846,6900
Male,BA/ BSc,Office 3,Junior,148,1,1364,5270,80,Full-time,1364,5270
Male,Apprenticeship/ some college,Office 3,Junior,148,1,2077,5750,81,Full-time,2077,5750
Male,BA/ BSc,Office 1,Junior,148,1,1437,4280,82,Full-time,1437,4280
Female,BA/ BSc,Office 5,Junior,148,1,1935,4450,83,Full-time,1935,4450
Male,BA/ BSc,Office 2,Junior,148,0.800000011920929,1278.4000244140625,7620,84,Part-time,1598.0000067055225,9524.999858066441
Female,BA/ BSc,Office 2,Junior,148,1,1891,4910,85,Full-time,1891,4910
Male,BA/ BSc,Office 5,Senior,147,0.6600000262260437,1314.7200927734375,7380,86,Part-time,1992.0000614108437,11181.817737492665
Male,BA/ BSc,Office 2,Junior,147,1,1491,6100,87,Full-time,1491,6100
Female,BA/ BSc,Office 5,Junior,147,1,2396,7570,88,Full-time,2396,7570
Male,BA/ BSc,Office 1,Junior,146,0.5,758.5,3000,89,Part-time,1517,6000
Male,MA/ MSc,Office 1,Junior,146,1,1855,5410,90,Full-time,1855,5410
Male,BA/ BSc,Office 6,Senior,145,1,1872,7290,91,Full-time,1872,7290
Male,BA/ BSc,Office 2,Junior,145,0.6600000262260437,1142.4600830078125,6820,92,Part-time,1731.0000569856506,10333.332922723575
Male,BA/ BSc,Office 5,Junior,145,0.800000011920929,843.20001220703125,6660,93,Part-time,1053.9999995529652,8324.999875947835
Male,BA/ BSc,Office 3,Junior,144,1,1457,5550,94,Full-time,1457,5550
Female,MA/ MSc,Office 2,Junior,144,1,1596,5220,95,Full-time,1596,5220
Male,Apprenticeship/ some college,Office 2,Junior,144,1,1466,5300,96,Full-time,1466,5300
Male,BA/ BSc,Office 3,Junior,143,0.6600000262260437,1440.780029296875,6600,97,Part-time,2182.99995764458,9999.999602635717
Female,BA/ BSc,Office 3,Junior,143,1,1718,5030,98,Full-time,1718,5030
Male,Apprenticeship/ some college,Office 5,Junior,143,0.800000011920929,1307.2000732421875,7200,99,Part-time,1634.000067204236,8999.999865889551
Male,BA/ BSc,Office 4,Junior,142,1,1917,4460,100,Full-time,1917,4460
Male,Apprenticeship/ some college,Office 2,Junior,142,1,1200,5900,101,Full-time,1200,5900
Male,BA/ BSc,Office 2,Junior,141,1,1288,4820,102,Full-time,1288,4820
Male,BA/ BSc,Office 3,Junior,141,0.800000011920929,1508.800048828125,6410,103,Part-time,1886.0000329315658,8012.499880604448
Female,MA/ MSc,Office 6,Senior,140,1,2325,6960,104,Full-time,2325,6960
Male,MA/ MSc,Office 3,Junior,139,0.800000011920929,1502.4000244140625,6090,105,Part-time,1878.0000025331974,7612.499886564912
Male,MA/ MSc,Office 1,Junior,139,1,1358,5030,106,Full-time,1358,5030
Male,Apprenticeship/ some college,Office 2,Junior,138,0.800000011920929,1268.800048828125,5250,107,Part-time,1586.0000374019141,6562.4999022111315
Male,BA/ BSc,Office 5,Junior,138,1,1729,7940,108,Full-time,1729,7940
Female,BA/ BSc,Office 5,Junior,138,1,2081,3500,109,Full-time,2081,3500
Male,Apprenticeship/ some college,Office 2,Junior,136,1,1709,6310,110,Full-time,1709,6310
Male,Apprenticeship/ some college,Office 4,Senior,136,0.800000011920929,1505.5999755859375,7340,111,Part-time,1881.9999414384374,9174.999863281848
Male,MA/ MSc,Office 4,Senior,135,1,1890,7500,112,Full-time,1890,7500
Male,MA/ MSc,Office 3,Junior,135,0.6600000262260437,1135.8599853515625,5590,113,Part-time,1720.9999094190055,8469.696633141464
Male,Apprenticeship/ some college,Office 3,Junior,135,1,1613,5440,114,Full-time,1613,5440
Male,BA/ BSc,Office 5,Junior,135,0.800000011920929,1425.5999755859375,7180,115,Part-time,1781.9999429285535,8974.99986626208
Male,Apprenticeship/ some college,Office 3,Junior,134,1,1898,6450,116,Full-time,1898,6450
Male,Apprenticeship/ some college,Office 1,Junior,133,1,1656,5860,117,Full-time,1656,5860
Male,MA/ MSc,Office 6,Assistant,133,0.5,816,5550,118,Part-time,1632,11100
Male,BA/ BSc,Office 5,Junior,133,1,1912,6930,119,Full-time,1912,6930
Male,Apprenticeship/ some college,Office 3,Junior,133,1,1729,2940,120,Full-time,1729,2940
Male,BA/ BSc,Office 2,Junior,133,0.6600000262260437,1154.340087890625,6530,121,Part-time,1749.0000636685952,9893.939000789582
Male,Apprenticeship/ some college,Office 2,Junior,132,1,1670,6540,122,Full-time,1670,6540
Male,BA/ BSc,Office 2,Junior,131,1,1679,6790,123,Full-time,1679,6790
Male,BA/ BSc,Office 3,Junior,130,0.5,607.5,5340,124,Part-time,1215,10680
Female,BA/ BSc,Office 6,Junior,130,1,1762,7060,125,Full-time,1762,7060
Male,BA/ BSc,Office 3,Junior,130,1,1322,4470,126,Full-time,1322,4470
Male,BA/ BSc,Office 1,Junior,130,1,1760,5500,127,Full-time,1760,5500
Male,BA/ BSc,Office 3,Junior,130,1,1381,4810,128,Full-time,1381,4810
Female,Apprenticeship/ some college,Office 4,Junior,130,0.6600000262260437,766.9200439453125,3300,129,Part-time,1162.0000204100745,4999.999801317858
Male,Apprenticeship/ some college,Office 3,Senior,129,1,1511,7350,130,Full-time,1511,7350
Male,Apprenticeship/ some college,Office 3,Junior,128,1,1572,6160,131,Full-time,1572,6160
Male,BA/ BSc,Office 3,Junior,128,0.6600000262260437,1013.1000366210938,6640,132,Part-time,1534.999994491086,10060.60566083351
Male,Apprenticeship/ some college,Office 1,Junior,128,1,1602,5310,133,Full-time,1602,5310
Female,BA/ BSc,Office 3,Senior,127,1,1944,4730,134,Full-time,1944,4730
Male,MA/ MSc,Office 2,Junior,127,1,1517,4750,135,Full-time,1517,4750
Female,MA/ MSc,Office 6,Senior,127,1,2047,5470,136,Full-time,2047,5470
Male,BA/ BSc,Office 3,Junior,127,1,1951,7060,137,Full-time,1951,7060
Male,BA/ BSc,Office 4,Senior,126,1,1748,5540,138,Full-time,1748,5540
Female,BA/ BSc,Office 4,Junior,126,1,1773,4880,139,Full-time,1773,4880
Male,BA/ BSc,Office 6,Junior,126,1,1308,6850,140,Full-time,1308,6850
Male,Apprenticeship/ some college,Office 6,Junior,126,1,1691,8090,141,Full-time,1691,8090
Male,BA/ BSc,Office 4,Junior,126,1,1608,4320,142,Full-time,1608,4320
Male,BA/ BSc,Office 2,Junior,126,1,1832,5070,143,Full-time,1832,5070
Male,Apprenticeship/ some college,Office 6,Junior,126,1,2137,5140,144,Full-time,2137,5140
Male,BA/ BSc,Office 4,Junior,126,1,1562,6920,145,Full-time,1562,6920
Male,Apprenticeship/ some college,Office 5,Junior,126,1,1933,4880,146,Full-time,1933,4880
Male,Apprenticeship/ some college,Office 3,Junior,125,1,1921,5820,147,Full-time,1921,5820
Male,BA/ BSc,Office 5,Junior,125,0.6600000262260437,1197.9000244140625,4250,148,Part-time,1814.999964869385,6439.393683515424
Female,BA/ BSc,Office 1,Junior,124,1,2151,1450,149,Full-time,2151,1450
Male,Apprenticeship/ some college,Office 2,Junior,124,0.5,787,3010,150,Part-time,1574,6020
Male,BA/ BSc,Office 6,Senior,124,0.800000011920929,1825.5999755859375,7560,151,Part-time,2281.999935477973,9449.999859184029
Male,BA/ BSc,Office 5,Junior,124,1,1489,5250,152,Full-time,1489,5250
Male,Apprenticeship/ some college,Office 6,Junior,123,1,1674,6370,153,Full-time,1674,6370
Male,Apprenticeship/ some college,Office 3,Senior,123,0.5,988,5280,154,Part-time,1976,10560
Male,Apprenticeship/ some college,Office 5,Senior,123,0.5,799,3720,155,Part-time,1598,7440
Female,BA/ BSc,Office 4,Junior,122,0.5,808,3160,156,Part-time,1616,6320
Male,Apprenticeship/ some college,Office 5,Junior,122,0.6600000262260437,994.62005615234375,5690,157,Part-time,1507.000025196508,8621.211778635945
Male,MA/ MSc,Office 1,Junior,122,1,2167,6650,158,Full-time,2167,6650
Male,Apprenticeship/ some college,Office 6,Senior,122,0.5,593,7580,159,Part-time,1186,15160
Male,BA/ BSc,Office 1,Junior,121,1,1672,6280,160,Full-time,1672,6280
Female,MA/ MSc,Office 2,Junior,120,1,1489,0,161,Full-time,1489,0
Female,BA/ BSc,Office 4,Senior,120,1,1696,3400,162,Full-time,1696,3400
Male,Apprenticeship/ some college,Office 6,Junior,120,1,1680,6230,163,Full-time,1680,6230
Male,Apprenticeship/ some college,Office 6,Junior,119,0.6600000262260437,1119.3599853515625,4200,164,Part-time,1695.9999104124163,6363.636110768184
Male,BA/ BSc,Office 2,Junior,119,1,1475,6100,165,Full-time,1475,6100
Male,Apprenticeship/ some college,Office 6,Junior,119,0.6600000262260437,929.9400634765625,5110,166,Part-time,1409.0000401879786,7742.423934767957
Female,Apprenticeship/ some college,Office 6,Junior,118,1,1543,5430,167,Full-time,1543,5430
Female,BA/ BSc,Office 4,Junior,118,0.6600000262260437,1066.56005859375,3510,168,Part-time,1616.0000245643375,5318.1816068562675
Male,Apprenticeship/ some college,Office 4,Senior,118,1,1286,7290,169,Full-time,1286,7290
Male,Apprenticeship/ some college,Office 1,Junior,118,1,1671,5480,170,Full-time,1671,5480
Female,BA/ BSc,Office 4,Junior,117,1,1192,5320,171,Full-time,1192,5320
Male,Apprenticeship/ some college,Office 3,Junior,117,0.800000011920929,1767.2000732421875,5650,172,Part-time,2209.0000586360684,7062.499894760551
Male,BA/ BSc,Office 9,Senior,117,1,1705,3920,173,Full-time,1705,3920
Male,BA/ BSc,Office 1,Junior,117,1,1482,5300,174,Full-time,1482,5300
Female,BA/ BSc,Office 5,Junior,117,1,1675,5980,175,Full-time,1675,5980
Male,MA/ MSc,Office 4,Senior,116,0.800000011920929,1779.2000732421875,4930,176,Part-time,2224.000058412551,6162.499908171596
Female,BA/ BSc,Office 9,Junior,116,1,1425,3290,177,Full-time,1425,3290
Diverse,MA/ MSc,Office 1,Junior,116,0.800000011920929,1269.5999755859375,6100,178,Part-time,1586.99994583428,7624.999886378648
Female,BA/ BSc,Office 9,Junior,115,1,1767,3420,179,Full-time,1767,3420
Male,Apprenticeship/ some college,Office 4,Junior,115,0.6600000262260437,763.62005615234375,4180,180,Part-time,1157.000039104258,6333.333081669288
Female,Apprenticeship/ some college,Office 9,Junior,115,1,1504,3350,181,Full-time,1504,3350
Male,Apprenticeship/ some college,Office 3,Junior,115,0.5,677,4230,182,Part-time,1354,8460
Male,BA/ BSc,Office 4,Junior,114,0.5,543,7860,183,Part-time,1086,15720
Male,BA/ BSc,Office 4,Junior,114,0.5,756,5390,184,Part-time,1512,10780
Female,BA/ BSc,Office 2,Junior,114,1,1357,6220,185,Full-time,1357,6220
Male,BA/ BSc,Office 9,Junior,114,1,1527,2810,186,Full-time,1527,2810
Female,BA/ BSc,Office 6,Senior,114,1,1508,7210,187,Full-time,1508,7210
Female,MA/ MSc,Office 9,Junior,113,0.800000011920929,1432,3380,188,Part-time,1789.999973326922,4224.999937042595
Male,Apprenticeship/ some college,Office 5,Junior,113,1,1398,6370,189,Full-time,1398,6370
Male,BA/ BSc,Office 5,Junior,113,1,1801,6110,190,Full-time,1801,6110
Male,BA/ BSc,Office 4,Junior,113,1,1472,6960,191,Full-time,1472,6960
Male,BA/ BSc,Office 2,Junior,113,1,1574,6350,192,Full-time,1574,6350
Male,Apprenticeship/ some college,Office 2,Junior,112,1,1377,3350,193,Full-time,1377,3350
Female,Apprenticeship/ some college,Office 9,Junior,112,1,1784,3380,194,Full-time,1784,3380
Female,BA/ BSc,Office 2,Junior,112,1,1558,4750,195,Full-time,1558,4750
Female,BA/ BSc,Office 6,Senior,112,1,2078,6440,196,Full-time,2078,6440
Female,BA/ BSc,Office 2,Junior,112,1,1930,6800,197,Full-time,1930,6800
Male,Apprenticeship/ some college,Office 1,Junior,112,1,1589,5190,198,Full-time,1589,5190
Male,BA/ BSc,Office 3,Junior,111,1,1268,7230,199,Full-time,1268,7230
Female,BA/ BSc,Office 5,Junior,111,1,1583,3200,200,Full-time,1583,3200
Male,Apprenticeship/ some college,Office 5,Junior,111,1,1579,5500,201,Full-time,1579,5500
Male,Apprenticeship/ some college,Office 9,Junior,111,1,1578,3120,202,Full-time,1578,3120
Male,MA/ MSc,Office 9,Junior,111,1,1688,2730,203,Full-time,1688,2730
Male,BA/ BSc,Office 4,Junior,111,0.6600000262260437,1209.1199951171875,6710,204,Part-time,1831.999919804663,10166.666262679646
Male,Apprenticeship/ some college,Office 9,Junior,111,1,1517,4080,205,Full-time,1517,4080
Male,BA/ BSc,Office 5,Junior,110,1,2035,6840,206,Full-time,2035,6840
Male,MA/ MSc,Office 1,Junior,110,0.5,957.5,5600,207,Part-time,1915,11200
Female,MA/ MSc,Office 6,Junior,110,0.6600000262260437,858.6600341796875,4820,208,Part-time,1301.00000009031,7303.030012833963
Male,BA/ BSc,Office 4,Junior,110,0.6600000262260437,1065.9000244140625,5250,209,Part-time,1614.9999728166706,7954.545138460229
Male,BA/ BSc,Office 5,Junior,109,1,1686,5710,210,Full-time,1686,5710
Male,Apprenticeship/ some college,Office 4,Junior,109,1,2070,5810,211,Full-time,2070,5810
Male,Apprenticeship/ some college,Office 4,Junior,109,1,1683,3590,212,Full-time,1683,3590
Female,MA/ MSc,Office 6,Senior,108,1,1797,6590,213,Full-time,1797,6590
Male,BA/ BSc,Office 3,Junior,108,0.6600000262260437,1129.9200439453125,7010,214,Part-time,1711.999998555039,10621.211699163088
Female,Apprenticeship/ some college,Office 6,Junior,108,1,1732,3670,215,Full-time,1732,3670
Male,BA/ BSc,Office 5,Senior,108,1,1777,5770,216,Full-time,1777,5770
Female,Apprenticeship/ some college,Office 9,Junior,108,1,1654,3210,217,Full-time,1654,3210
Male,BA/ BSc,Office 9,Senior,108,0.800000011920929,1284.800048828125,3780,218,Part-time,1606.000037103891,4724.999929592014
Female,BA/ BSc,Office 2,Junior,108,1,1999,3820,219,Full-time,1999,3820
Female,MA/ MSc,Office 9,Junior,108,0.800000011920929,1334.4000244140625,3440,220,Part-time,1668.0000056624413,4299.999935925008
Female,MA/ MSc,Office 1,Junior,108,1,1721,3210,221,Full-time,1721,3210
Male,BA/ BSc,Office 2,Junior,108,1,2219,3760,222,Full-time,2219,3760
Male,MA/ MSc,Office 9,Senior,108,1,1797,3760,223,Full-time,1797,3760
Male,MA/ MSc,Office 1,Junior,107,1,1915,6330,224,Full-time,1915,6330
Male,BA/ BSc,Office 9,Junior,107,0.800000011920929,1453.5999755859375,3210,225,Part-time,1816.999942407013,4012.4999402090916
Male,Apprenticeship/ some college,Office 6,Assistant,107,1,1937,7340,226,Full-time,1937,7340
Female,BA/ BSc,Office 6,Junior,107,0.800000011920929,1588.800048828125,5590,227,Part-time,1986.0000314414497,6987.499895878138
Female,Apprenticeship/ some college,Office 9,Junior,107,1,1399,3170,228,Full-time,1399,3170
Male,BA/ BSc,Office 4,Junior,107,0.800000011920929,1006.4000244140625,8080,229,Part-time,1258.0000117719171,10099.999849498274
Male,BA/ BSc,Office 9,Junior,107,1,1601,3730,230,Full-time,1601,3730
Male,BA/ BSc,Office 3,Junior,107,1,1770,6930,231,Full-time,1770,6930
Female,Apprenticeship/ some college,Office 1,Junior,107,1,1847,3570,232,Full-time,1847,3570
Female,BA/ BSc,Office 9,Junior,106,1,1515,3320,233,Full-time,1515,3320
Male,Apprenticeship/ some college,Office 3,Junior,106,1,2040,4690,234,Full-time,2040,4690
Female,BA/ BSc,Office 9,Junior,106,1,1658,2670,235,Full-time,1658,2670
Male,Apprenticeship/ some college,Office 9,Junior,106,1,1706,2920,236,Full-time,1706,2920
Male,BA/ BSc,Office 3,Junior,106,1,1871,5950,237,Full-time,1871,5950
Male,BA/ BSc,Office 3,Junior,106,1,954,5940,238,Full-time,954,5940
Male,BA/ BSc,Office 9,Junior,106,1,1707,2610,239,Full-time,1707,2610
Male,BA/ BSc,Office 9,Junior,105,1,1598,3550,240,Full-time,1598,3550
Female,Apprenticeship/ some college,Office 1,Junior,105,0.800000011920929,1292,3110,241,Part-time,1614.9999759346251,3887.4999420717368
Male,MA/ MSc,Office 9,Junior,105,1,1691,3370,242,Full-time,1691,3370
Male,MA/ MSc,Office 9,Senior,105,1,1751,2710,243,Full-time,1751,2710
Female,BA/ BSc,Office 9,Senior,105,0.800000011920929,1396,3120,244,Part-time,1744.9999739974742,3899.9999418854723
Male,Apprenticeship/ some college,Office 9,Junior,105,1,1741,3500,245,Full-time,1741,3500
Male,Apprenticeship/ some college,Office 6,Junior,105,0.800000011920929,1295.2000732421875,6140,246,Part-time,1619.0000674277535,7674.99988563359
Male,BA/ BSc,Office 4,Junior,104,0.5,732.5,3470,247,Part-time,1465,6940
Male,MA/ MSc,Office 1,Junior,104,0.800000011920929,1170.4000244140625,6220,248,Part-time,1463.000008717179,7774.9998841434735
Male,MA/ MSc,Office 9,Junior,104,1,1803,3370,249,Full-time,1803,3370
Female,BA/ BSc,Office 9,Junior,104,1,1615,2660,250,Full-time,1615,2660
Male,Apprenticeship/ some college,Office 3,Junior,104,1,2024,5460,251,Full-time,2024,5460
Male,BA/ BSc,Office 5,Senior,104,1,1777,4860,252,Full-time,1777,4860
Female,BA/ BSc,Office 1,Junior,104,1,1472,3890,253,Full-time,1472,3890
Male,BA/ BSc,Office 3,Junior,103,0.6600000262260437,1125.9600830078125,4880,254,Part-time,1706.0000579790612,7393.939100130651
Female,BA/ BSc,Office 1,Junior,103,1,1585,2850,255,Full-time,1585,2850
Male,MA/ MSc,Office 5,Junior,103,1,1712,3580,256,Full-time,1712,3580
Male,MA/ MSc,Office 4,Junior,103,0.5,812,6090,257,Part-time,1624,12180
Male,BA/ BSc,Office 1,Junior,103,0.800000011920929,1245.5999755859375,6160,258,Part-time,1556.9999462813148,7699.999885261061
Male,BA/ BSc,Office 9,Senior,103,1,1858,4350,259,Full-time,1858,4350
Female,MA/ MSc,Office 6,Junior,103,0.800000011920929,1367.2000732421875,5270,260,Part-time,1709.000066086649,6587.4999018386025
Male,Apprenticeship/ some college,Office 2,Junior,103,1,1930,6040,261,Full-time,1930,6040
Male,Apprenticeship/ some college,Office 3,Junior,103,0.800000011920929,1072.800048828125,5490,262,Part-time,1341.0000410526984,6862.499897740783
Male,BA/ BSc,Office 9,Junior,103,1,1695,2970,263,Full-time,1695,2970
Male,BA/ BSc,Office 9,Junior,103,1,1522,2590,264,Full-time,1522,2590
Male,Apprenticeship/ some college,Office 6,Junior,102,1,1773,6380,265,Full-time,1773,6380
Male,Apprenticeship/ some college,Office 3,Junior,102,1,1206,8180,266,Full-time,1206,8180
Male,BA/ BSc,Office 5,Junior,102,0.5,903,6410,267,Part-time,1806,12820
Female,BA/ BSc,Office 4,Junior,102,0.800000011920929,1370.4000244140625,2870,268,Part-time,1713.000004991889,3587.499946542085
Male,MA/ MSc,Office 1,Junior,102,1,1765,2350,269,Full-time,1765,2350
Male,Apprenticeship/ some college,Office 6,Junior,102,1,1843,5580,270,Full-time,1843,5580
Female,BA/ BSc,Office 9,Senior,102,1,1745,3720,271,Full-time,1745,3720
Male,BA/ BSc,Office 3,Junior,102,0.6600000262260437,1098.9000244140625,7160,272,Part-time,1664.9999708298492,10848.484417404808
Male,BA/ BSc,Office 9,Junior,101,1,1491,2640,273,Full-time,1491,2640
Female,Apprenticeship/ some college,Office 9,Junior,101,1,1601,2480,274,Full-time,1601,2480
Male,Apprenticeship/ some college,Office 6,Junior,101,1,1448,6700,275,Full-time,1448,6700
Male,Apprenticeship/ some college,Office 4,Senior,101,1,1703,3930,276,Full-time,1703,3930
Male,BA/ BSc,Office 9,Junior,101,1,1613,2760,277,Full-time,1613,2760
Male,Apprenticeship/ some college,Office 9,Junior,101,1,1647,3070,278,Full-time,1647,3070
Female,BA/ BSc,Office 9,Senior,101,1,1582,4000,279,Full-time,1582,4000
Male,BA/ BSc,Office 1,Junior,100,0.5,813,5480,280,Part-time,1626,10960
Male,Apprenticeship/ some college,Office 4,Junior,100,1,1712,5360,281,Full-time,1712,5360
Female,Apprenticeship/ some college,Office 6,Junior,100,1,1693,5200,282,Full-time,1693,5200
Male,Apprenticeship/ some college,Office 1,Junior,100,1,1502,2880,283,Full-time,1502,2880
Male,BA/ BSc,Office 9,Junior,100,1,1660,2860,284,Full-time,1660,2860
Female,Apprenticeship/ some college,Office 4,Junior,100,1,1564,3740,285,Full-time,1564,3740
Male,BA/ BSc,Office 5,Junior,100,1,1804,8110,286,Full-time,1804,8110
Male,BA/ BSc,Office 9,Junior,100,0.800000011920929,1317.5999755859375,3400,287,Part-time,1646.9999449402103,4249.999936670066
Male,Apprenticeship/ some college,Office 2,Junior,100,0.800000011920929,1062.4000244140625,5840,288,Part-time,1328.0000107288358,7299.999891221525
Male,Apprenticeship/ some college,Office 3,Junior,100,0.800000011920929,1519.2000732421875,3580,289,Part-time,1899.0000632554284,4474.999933317305
Male,BA/ BSc,Office 9,Junior,100,1,1672,3310,290,Full-time,1672,3310
Male,MA/ MSc,Office 2,Junior,100,0.6600000262260437,1182.7200927734375,5910,291,Part-time,1792.0000693581294,8954.545098723802
Female,BA/ BSc,Office 4,Senior,100,1,1505,3310,292,Full-time,1505,3310
Male,Apprenticeship/ some college,Office 2,Junior,99,1,1515,6040,293,Full-time,1515,6040
Female,Apprenticeship/ some college,Office 4,Junior,99,1,1552,4210,294,Full-time,1552,4210
Male,Apprenticeship/ some college,Office 1,Junior,99,1,1733,2420,295,Full-time,1733,2420
Female,Apprenticeship/ some college,Office 4,Junior,99,1,1589,2740,296,Full-time,1589,2740
Male,BA/ BSc,Office 1,Junior,99,1,1699,1730,297,Full-time,1699,1730
Female,Apprenticeship/ some college,Office 5,Junior,99,1,1976,4690,298,Full-time,1976,4690
Male,BA/ BSc,Office 9,Senior,99,1,1650,4290,299,Full-time,1650,4290
Male,BA/ BSc,Office 4,Junior,99,1,1600,2870,300,Full-time,1600,2870
Male,MA/ MSc,Office 9,Junior,98,1,1569,2490,301,Full-time,1569,2490
Female,BA/ BSc,Office 1,Junior,98,1,1783,3390,302,Full-time,1783,3390
Male,Apprenticeship/ some college,Office 5,Junior,98,1,1522,3040,303,Full-time,1522,3040
Male,MA/ MSc,Office 9,Junior,98,1,1639,3360,304,Full-time,1639,3360
Female,Apprenticeship/ some college,Office 3,Junior,98,1,1513,3710,305,Full-time,1513,3710
Male,BA/ BSc,Office 1,Junior,98,1,1694,2660,306,Full-time,1694,2660
Female,BA/ BSc,Office 9,Junior,98,1,1617,3510,307,Full-time,1617,3510
Male,Apprenticeship/ some college,Office 1,Junior,98,1,1636,3490,308,Full-time,1636,3490
Male,Apprenticeship/ some college,Office 2,Junior,98,0.800000011920929,1160,4350,309,Part-time,1449.9999783933165,5437.499918974937
Male,BA/ BSc,Office 9,Senior,98,1,1723,3470,310,Full-time,1723,3470
Male,Apprenticeship/ some college,Office 2,Junior,98,0.5,706,3880,311,Part-time,1412,7760
Male,Apprenticeship/ some college,Office 4,Junior,98,1,1548,7090,312,Full-time,1548,7090
Female,BA/ BSc,Office 9,Junior,97,1,1471,2710,313,Full-time,1471,2710
Female,BA/ BSc,Office 1,Junior,97,1,1717,3440,314,Full-time,1717,3440
Male,Apprenticeship/ some college,Office 5,Junior,97,0.5,1027.5,4390,315,Part-time,2055,8780
Male,BA/ BSc,Office 4,Junior,97,1,1749,2950,316,Full-time,1749,2950
Male,Apprenticeship/ some college,Office 9,Junior,97,1,1667,4000,317,Full-time,1667,4000
Female,Apprenticeship/ some college,Office 9,Junior,97,0.800000011920929,1407.2000732421875,3110,318,Part-time,1759.000065341591,3887.4999420717368
Male,Apprenticeship/ some college,Office 9,Junior,97,1,1573,3160,319,Full-time,1573,3160
Male,Apprenticeship/ some college,Office 4,Junior,97,1,1632,4040,320,Full-time,1632,4040
Male,Apprenticeship/ some college,Office 1,Junior,97,1,1523,2370,321,Full-time,1523,2370
Male,Apprenticeship/ some college,Office 1,Junior,97,0.5,805,3890,322,Part-time,1610,7780
Male,BA/ BSc,Office 9,Junior,97,1,1527,3190,323,Full-time,1527,3190
Male,BA/ BSc,Office 9,Junior,97,1,1780,3100,324,Full-time,1780,3100
Male,Apprenticeship/ some college,Office 9,Junior,96,1,1657,2620,325,Full-time,1657,2620
Female,Apprenticeship/ some college,Office 4,Junior,96,0.800000011920929,1306.4000244140625,3120,326,Part-time,1633.000006183982,3899.9999418854723
Male,Apprenticeship/ some college,Office 4,Junior,96,0.800000011920929,1332.800048828125,2790,327,Part-time,1666.0000362098212,3487.4999480322012
Female,Apprenticeship/ some college,Office 4,Junior,96,1,1523,2770,328,Full-time,1523,2770
Male,BA/ BSc,Office 6,Junior,96,1,1745,7360,329,Full-time,1745,7360
Male,Apprenticeship/ some college,Office 2,Junior,96,0.800000011920929,1666.4000244140625,3650,330,Part-time,2082.9999994784594,4562.499932013453
Female,Apprenticeship/ some college,Office 4,Junior,96,1,1685,3200,331,Full-time,1685,3200
Male,BA/ BSc,Office 2,Junior,96,0.6600000262260437,605.22003173828125,5720,332,Part-time,917.0000116499983,8666.666322284289
Male,Apprenticeship/ some college,Office 4,Junior,96,0.6600000262260437,1314.06005859375,3760,333,Part-time,1991.0000096631768,5696.969470592469
Female,Apprenticeship/ some college,Office 5,Junior,96,1,1286,4550,334,Full-time,1286,4550
Female,Apprenticeship/ some college,Office 4,Junior,96,1,1597,2910,335,Full-time,1597,2910
Female,MA/ MSc,Office 9,Senior,95,1,1711,3290,336,Full-time,1711,3290
Female,Apprenticeship/ some college,Office 9,Junior,95,1,1602,2780,337,Full-time,1602,2780
Female,MA/ MSc,Office 2,Junior,95,1,1779,5030,338,Full-time,1779,5030
Male,Apprenticeship/ some college,Office 9,Junior,95,1,1486,2930,339,Full-time,1486,2930
Female,BA/ BSc,Office 9,Junior,95,0.6600000262260437,1032.9000244140625,2980,340,Part-time,1564.999974803492,4515.151335735521
Female,Apprenticeship/ some college,Office 9,Junior,95,1,1700,2250,341,Full-time,1700,2250
Female,Apprenticeship/ some college,Office 9,Junior,95,0.800000011920929,1337.5999755859375,3520,342,Part-time,1671.9999445676813,4399.999934434892
Male,MA/ MSc,Office 1,Junior,95,0.5,571,5960,343,Part-time,1142,11920
Female,BA/ BSc,Office 1,Junior,95,1,1748,3460,344,Full-time,1748,3460
Male,BA/ BSc,Office 4,Junior,95,1,1786,4900,345,Full-time,1786,4900
Male,MA/ MSc,Office 1,Junior,94,0.800000011920929,1369.5999755859375,2300,346,Part-time,1711.9999439716348,2874.999957159162
Male,MA/ MSc,Office 9,Junior,94,1,1789,2980,347,Full-time,1789,2980
Male,Apprenticeship/ some college,Office 6,Junior,94,0.800000011920929,1201.5999755859375,6310,348,Part-time,1501.9999471008784,7887.499882467093
Male,BA/ BSc,Office 6,Junior,94,1,1479,7700,349,Full-time,1479,7700
Male,BA/ BSc,Office 2,Junior,94,1,1476,6730,350,Full-time,1476,6730
Male,Apprenticeship/ some college,Office 3,Junior,94,1,1628,5910,351,Full-time,1628,5910
Female,Apprenticeship/ some college,Office 1,Junior,94,1,1673,2780,352,Full-time,1673,2780
Female,Apprenticeship/ some college,Office 4,Junior,94,0.800000011920929,1287.2000732421875,2700,353,Part-time,1609.000067576765,3374.999949708582
Female,MA/ MSc,Office 3,Junior,94,1,2073,5980,354,Full-time,2073,5980
Male,MA/ MSc,Office 9,Junior,94,1,1503,2930,355,Full-time,1503,2930
Male,Apprenticeship/ some college,Office 5,Junior,94,0.800000011920929,1507.2000732421875,5840,356,Part-time,1884.0000634789458,7299.999891221525
Male,BA/ BSc,Office 9,Junior,94,0.800000011920929,1175.2000732421875,3240,357,Part-time,1469.0000696629274,4049.999939650298
Female,Apprenticeship/ some college,Office 9,Junior,93,1,1447,3230,358,Full-time,1447,3230
Female,BA/ BSc,Office 9,Senior,93,1,1605,2940,359,Full-time,1605,2940
Male,Apprenticeship/ some college,Office 9,Junior,93,0.800000011920929,1380.800048828125,3240,360,Part-time,1726.0000353157516,4049.999939650298
Male,Apprenticeship/ some college,Office 5,Junior,93,1,1515,8110,361,Full-time,1515,8110
Male,BA/ BSc,Office 4,Junior,93,1,2162,5570,362,Full-time,2162,5570
Female,Apprenticeship/ some college,Office 9,Junior,93,1,1449,4110,363,Full-time,1449,4110
Female,BA/ BSc,Office 9,Senior,93,1,1767,3540,364,Full-time,1767,3540
Female,Apprenticeship/ some college,Office 9,Senior,93,1,1547,3320,365,Full-time,1547,3320
Female,BA/ BSc,Office 1,Junior,93,1,1629,2950,366,Full-time,1629,2950
Female,Apprenticeship/ some college,Office 9,Junior,93,1,1548,2410,367,Full-time,1548,2410
Female,BA/ BSc,Office 4,Junior,92,1,1678,4980,368,Full-time,1678,4980
Male,BA/ BSc,Office 9,Junior,92,1,1476,2280,369,Full-time,1476,2280
Male,BA/ BSc,Office 4,Junior,92,1,1652,2410,370,Full-time,1652,2410
Male,Apprenticeship/ some college,Office 1,Junior,92,1,1735,3220,371,Full-time,1735,3220
Male,Apprenticeship/ some college,Office 9,Junior,92,0.800000011920929,1150.4000244140625,2810,372,Part-time,1438.000009089708,3512.499947659672
Male,BA/ BSc,Office 4,Junior,92,0.800000011920929,1268,6680,373,Part-time,1584.99997638166,8349.999875575306
Female,BA/ BSc,Office 1,Junior,92,0.800000011920929,1236,2180,374,Part-time,1544.9999769777064,2724.999959394336
Male,Apprenticeship/ some college,Office 3,Junior,92,1,1694,4970,375,Full-time,1694,4970
Male,BA/ BSc,Office 1,Junior,92,1,1632,3340,376,Full-time,1632,3340
Male,MA/ MSc,Office 4,Junior,92,1,1642,3760,377,Full-time,1642,3760
Female,BA/ BSc,Office 9,Junior,91,1,1622,2150,378,Full-time,1622,2150
Female,Apprenticeship/ some college,Office 4,Junior,91,0.800000011920929,1320,2590,379,Part-time,1649.9999754130845,3237.4999517574915
Female,BA/ BSc,Office 9,Junior,91,1,1655,2850,380,Full-time,1655,2850
Male,Apprenticeship/ some college,Office 9,Junior,91,1,1620,2810,381,Full-time,1620,2810
Male,BA/ BSc,Office 1,Junior,91,0.6600000262260437,813.780029296875,5810,382,Part-time,1232.9999953941867,8803.029953229321
Male,BA/ BSc,Office 9,Junior,91,1,1629,3600,383,Full-time,1629,3600
Female,BA/ BSc,Office 1,Junior,91,1,1460,2800,384,Full-time,1460,2800
Male,Apprenticeship/ some college,Office 4,Junior,91,0.800000011920929,1002.4000244140625,4590,385,Part-time,1253.000011846423,5737.499914504589
Male,Apprenticeship/ some college,Office 1,Junior,91,1,1583,1380,386,Full-time,1583,1380
Female,Apprenticeship/ some college,Office 9,Junior,91,1,1582,2620,387,Full-time,1582,2620
Female,BA/ BSc,Office 9,Junior,91,1,1458,2230,388,Full-time,1458,2230
Female,Apprenticeship/ some college,Office 9,Junior,90,1,1844,2750,389,Full-time,1844,2750
Male,BA/ BSc,Office 2,Junior,90,1,1545,4500,390,Full-time,1545,4500
Female,BA/ BSc,Office 9,Junior,90,1,1646,2910,391,Full-time,1646,2910
Female,Apprenticeship/ some college,Office 4,Junior,90,0.800000011920929,1265.5999755859375,4020,392,Part-time,1581.9999459087858,5024.999925121666
Female,BA/ BSc,Office 6,Junior,90,1,1933,6140,393,Full-time,1933,6140
Male,Apprenticeship/ some college,Office 9,Junior,90,1,1574,3150,394,Full-time,1574,3150
Female,Apprenticeship/ some college,Office 3,Junior,90,1,1199,5000,395,Full-time,1199,5000
Male,BA/ BSc,Office 9,Junior,90,1,1583,3270,396,Full-time,1583,3270
Male,BA/ BSc,Office 9,Junior,90,1,1507,3260,397,Full-time,1507,3260
Male,Apprenticeship/ some college,Office 9,Junior,90,1,1408,3140,398,Full-time,1408,3140
Male,BA/ BSc,Office 4,Junior,90,1,1605,3100,399,Full-time,1605,3100
Female,BA/ BSc,Office 9,Junior,90,1,1542,3190,400,Full-time,1542,3190
Male,Apprenticeship/ some college,Office 4,Junior,89,1,1551,3070,401,Full-time,1551,3070
Female,Apprenticeship/ some college,Office 9,Junior,89,1,1710,3260,402,Full-time,1710,3260
Female,Apprenticeship/ some college,Office 6,Junior,89,1,881,0,403,Full-time,881,0
Male,Apprenticeship/ some college,Office 4,Junior,89,0.800000011920929,1269.5999755859375,3460,404,Part-time,1586.99994583428,4324.999935552479
Male,BA/ BSc,Office 4,Junior,89,0.6600000262260437,1116.06005859375,3750,405,Part-time,1691.0000215841053,5681.817956043021
Female,Apprenticeship/ some college,Office 1,Junior,89,0.800000011920929,1313.5999755859375,2660,406,Part-time,1641.999945014716,3324.99995045364
Female,Apprenticeship/ some college,Office 9,Junior,88,0.800000011920929,1305.5999755859375,3330,407,Part-time,1631.9999451637277,4162.499937973917
Male,Apprenticeship/ some college,Office 9,Junior,88,1,1492,3830,408,Full-time,1492,3830
Female,Apprenticeship/ some college,Office 1,Junior,88,1,1727,2280,409,Full-time,1727,2280
Male,Apprenticeship/ some college,Office 4,Junior,88,1,1458,7160,410,Full-time,1458,7160
Male,Apprenticeship/ some college,Office 9,Junior,88,1,1573,2840,411,Full-time,1573,2840
Male,Apprenticeship/ some college,Office 3,Junior,88,1,1849,6750,412,Full-time,1849,6750
Male,Apprenticeship/ some college,Office 9,Junior,88,0.800000011920929,1284.800048828125,3260,413,Part-time,1606.000037103891,4074.999939277769
Male,Apprenticeship/ some college,Office 2,Junior,88,0.800000011920929,1534.4000244140625,5160,414,Part-time,1918.000001937151,6449.999903887512
Male,Apprenticeship/ some college,Office 9,Junior,88,1,1591,4030,415,Full-time,1591,4030
Male,Apprenticeship/ some college,Office 9,Junior,88,1,1811,2980,416,Full-time,1811,2980
Male,Apprenticeship/ some college,Office 4,Junior,88,1,1646,3200,417,Full-time,1646,3200
Male,Apprenticeship/ some college,Office 9,Junior,88,1,1598,2840,418,Full-time,1598,2840
Female,BA/ BSc,Office 9,Junior,88,1,1709,2020,419,Full-time,1709,2020
Female,BA/ BSc,Office 9,Junior,88,1,1817,2980,420,Full-time,1817,2980
Male,Apprenticeship/ some college,Office 9,Junior,88,0.800000011920929,1155.2000732421875,3110,421,Part-time,1444.0000700354565,3887.4999420717368
Female,BA/ BSc,Office 4,Junior,88,1,1580,3350,422,Full-time,1580,3350
Male,Apprenticeship/ some college,Office 2,Junior,88,1,1737,6500,423,Full-time,1737,6500
Female,BA/ BSc,Office 9,Senior,87,1,1814,2860,424,Full-time,1814,2860
Male,Apprenticeship/ some college,Office 9,Junior,87,1,1746,2630,425,Full-time,1746,2630
Female,BA/ BSc,Office 9,Junior,87,1,1643,3060,426,Full-time,1643,3060
Male,BA/ BSc,Office 4,Junior,87,0.5,909,4330,427,Part-time,1818,8660
Male,Apprenticeship/ some college,Office 4,Junior,87,0.6600000262260437,1149.7200927734375,3200,428,Part-time,1742.0000713449508,4848.4846558233785
Male,BA/ BSc,Office 1,Junior,87,1,1435,5460,429,Full-time,1435,5460
Male,Apprenticeship/ some college,Office 9,Junior,87,1,1520,2950,430,Full-time,1520,2950
Male,BA/ BSc,Office 6,Junior,87,1,2314,5610,431,Full-time,2314,5610
Male,BA/ BSc,Office 2,Junior,87,0.5,758,2050,432,Part-time,1516,4100
Male,Apprenticeship/ some college,Office 1,Junior,87,1,1629,5790,433,Full-time,1629,5790
Female,Apprenticeship/ some college,Office 4,Junior,86,1,1557,2250,434,Full-time,1557,2250
Female,Apprenticeship/ some college,Office 1,Junior,86,1,1613,2640,435,Full-time,1613,2640
Male,Apprenticeship/ some college,Office 1,Junior,86,0.800000011920929,1294.4000244140625,2770,436,Part-time,1618.0000064074993,3462.4999484047303
Male,Apprenticeship/ some college,Office 4,Junior,86,1,2284,6580,437,Full-time,2284,6580
Female,Apprenticeship/ some college,Office 9,Junior,86,1,1695,3190,438,Full-time,1695,3190
Male,BA/ BSc,Office 9,Junior,86,1,1675,2560,439,Full-time,1675,2560
Male,Apprenticeship/ some college,Office 4,Junior,86,1,1768,4970,440,Full-time,1768,4970
Male,Apprenticeship/ some college,Office 9,Junior,86,1,1641,3970,441,Full-time,1641,3970
Male,BA/ BSc,Office 1,Junior,86,1,1074,7390,442,Full-time,1074,7390
Male,Apprenticeship/ some college,Office 1,Junior,86,1,1720,5860,443,Full-time,1720,5860
Male,BA/ BSc,Office 9,Junior,86,1,1599,3320,444,Full-time,1599,3320
Male,Apprenticeship/ some college,Office 2,Junior,86,0.6600000262260437,1027.6199951171875,4650,445,Part-time,1556.9999307321807,7045.454265493347
Male,BA/ BSc,Office 9,Junior,86,1,1853,2730,446,Full-time,1853,2730
Male,Apprenticeship/ some college,Office 9,Junior,86,1,1593,2140,447,Full-time,1593,2140
Male,BA/ BSc,Office 9,Junior,86,1,1678,2460,448,Full-time,1678,2460
Male,BA/ BSc,Office 1,Junior,86,1,1890,6980,449,Full-time,1890,6980
Female,BA/ BSc,Office 1,Junior,85,1,1319,2820,450,Full-time,1319,2820
Male,Apprenticeship/ some college,Office 9,Junior,85,1,1662,3000,451,Full-time,1662,3000
Female,BA/ BSc,Office 1,Junior,85,1,1573,2680,452,Full-time,1573,2680
Female,Apprenticeship/ some college,Office 9,Junior,85,1,1690,3360,453,Full-time,1690,3360
Male,Apprenticeship/ some college,Office 9,Junior,85,1,1639,3060,454,Full-time,1639,3060
Male,BA/ BSc,Office 9,Junior,85,1,1589,3350,455,Full-time,1589,3350
Male,Apprenticeship/ some college,Office 9,Junior,85,1,1473,2240,456,Full-time,1473,2240
Male,Apprenticeship/ some college,Office 4,Junior,85,1,1085,6980,457,Full-time,1085,6980
Male,Apprenticeship/ some college,Office 4,Junior,85,1,1651,2880,458,Full-time,1651,2880
Male,Apprenticeship/ some college,Office 4,Junior,85,1,2256,5750,459,Full-time,2256,5750
Female,BA/ BSc,Office 6,Junior,85,1,2139,6430,460,Full-time,2139,6430
Female,Apprenticeship/ some college,Office 5,Junior,85,0.800000011920929,805.60003662109375,3010,461,Part-time,1007.0000307708974,3762.499943934382
Male,Apprenticeship/ some college,Office 3,Junior,84,1,2647,4300,462,Full-time,2647,4300
Female,BA/ BSc,Office 9,Junior,84,1,1540,2790,463,Full-time,1540,2790
Male,BA/ BSc,Office 4,Junior,84,1,1604,3090,464,Full-time,1604,3090
Male,BA/ BSc,Office 3,Junior,84,0.6600000262260437,1061.9400634765625,4890,465,Part-time,1609.000032240693,7409.0906146801
Female,Apprenticeship/ some college,Office 9,Junior,84,0.800000011920929,1236.800048828125,2520,466,Part-time,1546.0000379979606,3149.999953061343
Male,Apprenticeship/ some college,Office 4,Junior,84,0.800000011920929,1180,5740,467,Part-time,1474.9999780207875,7174.99989308417
Male,BA/ BSc,Office 1,Junior,84,1,1673,2530,468,Full-time,1673,2530
Male,Apprenticeship/ some college,Office 9,Junior,84,1,1622,2480,469,Full-time,1622,2480
Female,Apprenticeship/ some college,Office 9,Junior,84,1,1545,2130,470,Full-time,1545,2130
Male,Apprenticeship/ some college,Office 2,Junior,84,0.6600000262260437,866.58001708984375,4770,471,Part-time,1312.9999737197713,7227.272440086723
Female,BA/ BSc,Office 4,Junior,84,1,1618,3350,472,Full-time,1618,3350
Male,BA/ BSc,Office 4,Senior,84,1,1854,7240,473,Full-time,1854,7240
Male,BA/ BSc,Office 3,Junior,84,0.6600000262260437,1239.4801025390625,5030,474,Part-time,1878.0000807371975,7621.211818372372
Male,Apprenticeship/ some college,Office 9,Junior,83,0.800000011920929,1270.4000244140625,2960,475,Part-time,1588.0000068545341,3699.9999448657045
Male,MA/ MSc,Office 1,Junior,83,1,1752,3580,476,Full-time,1752,3580
Male,Apprenticeship/ some college,Office 6,Junior,83,1,1068,7120,477,Full-time,1068,7120
Male,BA/ BSc,Office 5,Senior,83,0.6600000262260437,1450.02001953125,5340,478,Part-time,2196.999942291869,8090.908769405262
Male,Apprenticeship/ some college,Office 9,Junior,83,1,1637,2750,479,Full-time,1637,2750
Male,BA/ BSc,Office 1,Junior,82,1,1523,2790,480,Full-time,1523,2790
Male,Apprenticeship/ some college,Office 1,Junior,82,1,1527,6580,481,Full-time,1527,6580
Male,MA/ MSc,Office 1,Junior,82,0.800000011920929,1118.4000244140625,5690,482,Part-time,1398.0000096857545,7112.499894015493
Male,Apprenticeship/ some college,Office 4,Junior,81,0.5,656,4340,483,Part-time,1312,8680
Male,Apprenticeship/ some college,Office 9,Junior,81,0.800000011920929,1336.800048828125,3450,484,Part-time,1671.0000361353154,4312.499935738743
Male,Apprenticeship/ some college,Office 3,Junior,81,0.800000011920929,1346.4000244140625,6930,485,Part-time,1683.0000054389238,8662.499870918693
Male,Apprenticeship/ some college,Office 4,Junior,81,0.5,927.5,5030,486,Part-time,1855,10060
Male,Apprenticeship/ some college,Office 5,Junior,81,0.5,677,4500,487,Part-time,1354,9000
Male,BA/ BSc,Office 9,Junior,81,1,1492,3040,488,Full-time,1492,3040
Male,BA/ BSc,Office 4,Junior,81,1,1718,2990,489,Full-time,1718,2990
Male,Apprenticeship/ some college,Office 1,Junior,81,1,1499,2710,490,Full-time,1499,2710
Male,Apprenticeship/ some college,Office 4,Junior,81,1,1642,4190,491,Full-time,1642,4190
Male,Apprenticeship/ some college,Office 9,Junior,81,1,1448,2460,492,Full-time,1448,2460
Male,BA/ BSc,Office 2,Junior,80,1,1736,6090,493,Full-time,1736,6090
Female,Apprenticeship/ some college,Office 9,Junior,80,1,1527,2550,494,Full-time,1527,2550
Female,Apprenticeship/ some college,Office 9,Junior,80,1,1398,2590,495,Full-time,1398,2590
Female,Apprenticeship/ some college,Office 9,Junior,80,1,1726,2270,496,Full-time,1726,2270
Female,BA/ BSc,Office 6,Senior,80,1,1756,6030,497,Full-time,1756,6030
Female,BA/ BSc,Office 1,Junior,80,1,1823,2870,498,Full-time,1823,2870
Male,Apprenticeship/ some college,Office 1,Junior,80,0.800000011920929,1204,1980,499,Part-time,1504.9999775737526,2474.9999631196265
Male,BA/ BSc,Office 4,Junior,80,1,1420,6990,500,Full-time,1420,6990
Female,Apprenticeship/ some college,Office 9,Junior,80,0.800000011920929,1380,3240,501,Part-time,1724.9999742954974,4049.999939650298
Male,MA/ MSc,Office 1,Junior,80,0.800000011920929,1293.5999755859375,2800,502,Part-time,1616.9999453872451,3499.9999478459367
Male,Apprenticeship/ some college,Office 4,Junior,80,1,1560,2910,503,Full-time,1560,2910
Male,BA/ BSc,Office 4,Junior,79,0.800000011920929,1205.5999755859375,2470,504,Part-time,1506.9999470263726,3087.4999539926657
Male,Apprenticeship/ some college,Office 1,Junior,79,1,1570,2220,505,Full-time,1570,2220
Female,Apprenticeship/ some college,Office 1,Junior,79,1,1975,5100,506,Full-time,1975,5100
Female,Apprenticeship/ some college,Office 1,Junior,79,1,1456,2610,507,Full-time,1456,2610
Female,Apprenticeship/ some college,Office 9,Junior,79,0.800000011920929,1244.800048828125,2930,508,Part-time,1556.000037848949,3662.499945424498
Female,Apprenticeship/ some college,Office 9,Junior,79,1,1530,3330,509,Full-time,1530,3330
Male,BA/ BSc,Office 1,Junior,79,0.800000011920929,1173.5999755859375,2140,510,Part-time,1466.999947622419,2674.9999601393943
Female,Apprenticeship/ some college,Office 6,Junior,79,1,2257,6010,511,Full-time,2257,6010
Male,BA/ BSc,Office 1,Junior,78,1,2008,4610,512,Full-time,2008,4610
Male,Apprenticeship/ some college,Office 9,Junior,78,1,1381,2290,513,Full-time,1381,2290
Female,Apprenticeship/ some college,Office 9,Junior,78,1,1708,3070,514,Full-time,1708,3070
Male,BA/ BSc,Office 1,Junior,78,0.5,587,3220,515,Part-time,1174,6440
Female,Apprenticeship/ some college,Office 4,Junior,78,1,1576,2740,516,Full-time,1576,2740
Male,Apprenticeship/ some college,Office 2,Junior,78,0.800000011920929,1196.800048828125,4220,517,Part-time,1496.0000387430184,5274.999921396376
Female,Apprenticeship/ some college,Office 4,Junior,78,1,1718,2800,518,Full-time,1718,2800
Male,Apprenticeship/ some college,Office 2,Junior,78,1,1646,5540,519,Full-time,1646,5540
Male,Apprenticeship/ some college,Office 6,Junior,78,1,1414,7380,520,Full-time,1414,7380
Female,Apprenticeship/ some college,Office 9,Junior,78,1,1636,2870,521,Full-time,1636,2870
Male,Apprenticeship/ some college,Office 1,Junior,78,1,1545,2580,522,Full-time,1545,2580
Male,Apprenticeship/ some college,Office 5,Junior,77,0.6600000262260437,902.88006591796875,4980,523,Part-time,1368.0000455162724,7545.454245625132
Male,Apprenticeship/ some college,Office 4,Junior,77,1,1894,5740,524,Full-time,1894,5740
Female,BA/ BSc,Office 9,Junior,77,1,1480,2350,525,Full-time,1480,2350
Female,BA/ BSc,Office 2,Junior,77,1,1328,3710,526,Full-time,1328,3710
Female,BA/ BSc,Office 1,Junior,77,1,1201,4270,527,Full-time,1201,4270
Male,Apprenticeship/ some college,Office 9,Junior,77,1,1544,3220,528,Full-time,1544,3220
Female,Apprenticeship/ some college,Office 6,Junior,76,1,2218,0,529,Full-time,2218,0
Female,BA/ BSc,Office 2,Junior,76,1,1090,5160,530,Full-time,1090,5160
Female,BA/ BSc,Office 9,Junior,76,1,1610,2160,531,Full-time,1610,2160
Female,BA/ BSc,Office 9,Junior,76,1,1552,2710,532,Full-time,1552,2710
Male,BA/ BSc,Office 5,Junior,76,1,1761,6130,533,Full-time,1761,6130
Female,BA/ BSc,Office 9,Junior,76,1,1562,2490,534,Full-time,1562,2490
Female,BA/ BSc,Office 4,Junior,75,1,1619,3060,535,Full-time,1619,3060
Male,BA/ BSc,Office 2,Junior,75,0.800000011920929,1561.5999755859375,6540,536,Part-time,1951.9999403953561,8174.999878183009
Male,BA/ BSc,Office 2,Junior,75,0.5,615.5,4120,537,Part-time,1231,8240
Female,BA/ BSc,Office 6,Senior,75,1,1725,6040,538,Full-time,1725,6040
Female,Apprenticeship/ some college,Office 4,Senior,74,1,1761,3060,539,Full-time,1761,3060
Male,BA/ BSc,Office 9,Junior,74,1,1580,2510,540,Full-time,1580,2510
Female,Apprenticeship/ some college,Office 4,Junior,74,1,1174,5740,541,Full-time,1174,5740
Male,Apprenticeship/ some college,Office 9,Junior,74,1,1697,2570,542,Full-time,1697,2570
Female,BA/ BSc,Office 6,Junior,74,1,1617,5920,543,Full-time,1617,5920
Female,Apprenticeship/ some college,Office 9,Junior,74,1,1590,2760,544,Full-time,1590,2760
Male,Apprenticeship/ some college,Office 1,Junior,73,1,1441,2410,545,Full-time,1441,2410
Male,BA/ BSc,Office 3,Junior,73,0.800000011920929,1188,5590,546,Part-time,1484.9999778717759,6987.499895878138
Female,Apprenticeship/ some college,Office 9,Junior,73,1,1542,2760,547,Full-time,1542,2760
Male,Apprenticeship/ some college,Office 2,Junior,73,1,2052,4630,548,Full-time,2052,4630
Male,Apprenticeship/ some college,Office 1,Junior,73,0.6600000262260437,1092.300048828125,2340,549,Part-time,1655.000008218216,3545.4544045708453
Female,Apprenticeship/ some college,Office 9,Junior,73,1,1421,3010,550,Full-time,1421,3010
Female,BA/ BSc,Office 9,Junior,73,1,1646,2770,551,Full-time,1646,2770
Female,BA/ BSc,Office 2,Junior,73,1,1315,5770,552,Full-time,1315,5770
Male,Apprenticeship/ some college,Office 9,Junior,73,1,1528,3570,553,Full-time,1528,3570
Female,Apprenticeship/ some college,Office 9,Junior,72,1,1691,2730,554,Full-time,1691,2730
Male,Apprenticeship/ some college,Office 6,Senior,72,1,1835,6590,555,Full-time,1835,6590
Female,Apprenticeship/ some college,Office 2,Junior,72,1,1064,2840,556,Full-time,1064,2840
Male,BA/ BSc,Office 5,Junior,72,0.6600000262260437,1481.0400390625,4990,557,Part-time,2243.999970017059,7560.605760174581
Male,Apprenticeship/ some college,Office 6,Senior,72,0.5,1083,6130,558,Part-time,2166,12260
Male,Apprenticeship/ some college,Office 6,Senior,71,0.800000011920929,1199.2000732421875,5550,559,Part-time,1499.0000692158926,6937.499896623196
Female,Apprenticeship/ some college,Office 4,Junior,71,1,1482,4250,560,Full-time,1482,4250
Female,BA/ BSc,Office 4,Junior,71,1,1297,5660,561,Full-time,1297,5660
Male,MA/ MSc,Office 1,Junior,71,1,1529,6520,562,Full-time,1529,6520
Male,Apprenticeship/ some college,Office 2,Junior,71,0.6600000262260437,1140.4801025390625,6180,563,Part-time,1728.0000866976616,9363.635991558898
Male,Apprenticeship/ some college,Office 5,Junior,71,1,1740,6050,564,Full-time,1740,6050
Male,Apprenticeship/ some college,Office 5,Junior,71,1,1335,5660,565,Full-time,1335,5660
Male,Apprenticeship/ some college,Office 6,Junior,71,0.800000011920929,1214.4000244140625,6890,566,Part-time,1518.0000078976152,8612.499871663751
Male,BA/ BSc,Office 2,Junior,71,0.5,696,6220,567,Part-time,1392,12440
Male,BA/ BSc,Office 3,Junior,70,0.800000011920929,868,4600,568,Part-time,1084.9999838322403,5749.999914318324
Female,Apprenticeship/ some college,Office 4,Junior,70,0.800000011920929,1199.2000732421875,2700,569,Part-time,1499.0000692158926,3374.999949708582
Female,Apprenticeship/ some college,Office 6,Junior,70,1,1771,3770,570,Full-time,1771,3770
Male,Apprenticeship/ some college,Office 4,Senior,70,1,1521,5270,571,Full-time,1521,5270
Female,Apprenticeship/ some college,Office 9,Junior,70,1,1606,2740,572,Full-time,1606,2740
Male,Apprenticeship/ some college,Office 6,Junior,70,1,1732,7650,573,Full-time,1732,7650
Male,BA/ BSc,Office 4,Senior,70,1,1780,7070,574,Full-time,1780,7070
Female,Apprenticeship/ some college,Office 6,Junior,69,1,1905,7640,575,Full-time,1905,7640
Male,Apprenticeship/ some college,Office 6,Junior,69,1,1732,6810,576,Full-time,1732,6810
Female,Apprenticeship/ some college,Office 1,Junior,69,0.800000011920929,1277.5999755859375,2370,577,Part-time,1596.9999456852684,2962.4999558553104
Male,BA/ BSc,Office 5,Assistant,69,0.800000011920929,1035.2000732421875,5370,578,Part-time,1294.0000722706307,6712.499899975957
Female,Apprenticeship/ some college,Office 9,Junior,69,1,1650,2770,579,Full-time,1650,2770
Female,BA/ BSc,Office 3,Junior,68,0.800000011920929,1266.4000244140625,0,580,Part-time,1583.00000692904,0
Female,Apprenticeship/ some college,Office 6,Junior,68,1,1837,5380,581,Full-time,1837,5380
Female,BA/ BSc,Office 4,Junior,68,1,1328,4650,582,Full-time,1328,4650
Male,Apprenticeship/ some college,Office 4,Junior,68,0.800000011920929,1360.800048828125,4810,583,Part-time,1701.0000356882806,6012.499910406769
Female,BA/ BSc,Office 6,Senior,67,1,1426,0,584,Full-time,1426,0
Female,BA/ BSc,Office 6,Junior,67,1,1950,3760,585,Full-time,1950,3760
Male,Apprenticeship/ some college,Office 9,Junior,67,1,1584,2960,586,Full-time,1584,2960
Male,Apprenticeship/ some college,Office 4,Junior,67,1,1779,4850,587,Full-time,1779,4850
Male,BA/ BSc,Office 4,Junior,66,0.6600000262260437,1184.0400390625,4910,588,Part-time,1793.9999878984513,7439.393643778996
Male,BA/ BSc,Office 1,Junior,66,1,1469,6710,589,Full-time,1469,6710
Female,BA/ BSc,Office 5,Junior,65,1,1646,4920,590,Full-time,1646,4920
Male,Apprenticeship/ some college,Office 5,Junior,65,1,1560,4980,591,Full-time,1560,4980
Male,Apprenticeship/ some college,Office 2,Junior,65,1,2338,4780,592,Full-time,2338,4780
Female,BA/ BSc,Office 2,Junior,65,1,1523,4120,593,Full-time,1523,4120
Male,Apprenticeship/ some college,Office 5,Junior,65,0.6600000262260437,1166.8800048828125,3950,594,Part-time,1767.9999371441952,5984.848247031982
Female,BA/ BSc,Office 3,Junior,64,1,1707,5200,595,Full-time,1707,5200
Male,Apprenticeship/ some college,Office 4,Junior,64,0.800000011920929,1245.5999755859375,4560,596,Part-time,1556.9999462813148,5699.999915063382
Female,Apprenticeship/ some college,Office 9,Junior,64,1,1566,2530,597,Full-time,1566,2530
Female,BA/ BSc,Office 6,Senior,64,1,1929,5170,598,Full-time,1929,5170
Male,BA/ BSc,Office 3,Senior,64,0.800000011920929,1480,6400,599,Part-time,1849.9999724328522,7999.999880790712
Male,Apprenticeship/ some college,Office 1,Junior,63,1,1435,3570,600,Full-time,1435,3570
Male,MA/ MSc,Office 1,Junior,63,1,2034,6170,601,Full-time,2034,6170
Male,Apprenticeship/ some college,Office 1,Junior,63,1,1325,4310,602,Full-time,1325,4310
Female,Apprenticeship/ some college,Office 4,Junior,63,1,1847,4870,603,Full-time,1847,4870
Male,Apprenticeship/ some college,Office 3,Junior,63,1,1664,5730,604,Full-time,1664,5730
Male,Apprenticeship/ some college,Office 5,Junior,63,1,1871,5460,605,Full-time,1871,5460
Male,Apprenticeship/ some college,Office 2,Junior,63,1,1810,4710,606,Full-time,1810,4710
Female,Apprenticeship/ some college,Office 5,Junior,62,1,1929,5530,607,Full-time,1929,5530
Male,BA/ BSc,Office 3,Junior,62,0.6600000262260437,1255.320068359375,5240,608,Part-time,1902.00002799612,7939.393623910782
Male,BA/ BSc,Office 2,Junior,61,1,1771,6090,609,Full-time,1771,6090
Male,Apprenticeship/ some college,Office 4,Junior,61,0.6600000262260437,720.06005859375,6650,610,Part-time,1091.0000454259623,10075.757175382958
Male,Apprenticeship/ some college,Office 4,Junior,61,1,1511,6030,611,Full-time,1511,6030
Male,Apprenticeship/ some college,Office 3,Junior,61,1,2320,4690,612,Full-time,2320,4690
Male,Apprenticeship/ some college,Office 4,Junior,61,1,1121,6460,613,Full-time,1121,6460
Male,Apprenticeship/ some college,Office 4,Junior,61,0.6600000262260437,1070.52001953125,4440,614,Part-time,1621.9999651403152,6727.272459954937
Male,BA/ BSc,Office 1,Junior,61,1,1351,6680,615,Full-time,1351,6680
Female,Apprenticeship/ some college,Office 6,Junior,60,1,1481,4670,616,Full-time,1481,4670
Female,Apprenticeship/ some college,Office 6,Junior,60,0.6600000262260437,1298.2200927734375,4110,617,Part-time,1967.0000624042543,6227.272479823151
Male,BA/ BSc,Office 1,Junior,60,1,1520,5830,618,Full-time,1520,5830
Male,BA/ BSc,Office 1,Junior,60,0.800000011920929,1448.800048828125,4330,619,Part-time,1811.0000340491529,5412.499919347466
Male,Apprenticeship/ some college,Office 3,Junior,59,1,1729,5030,620,Full-time,1729,5030
Female,BA/ BSc,Office 6,Junior,59,0.800000011920929,1116,6060,621,Part-time,1394.9999792128804,7574.999887123706
Male,MA/ MSc,Office 2,Junior,59,1,1819,6720,622,Full-time,1819,6720
Male,Apprenticeship/ some college,Office 3,Junior,58,0.5,912,5380,623,Part-time,1824,10760
Male,Apprenticeship/ some college,Office 6,Assistant,58,0.6600000262260437,1366.860107421875,5940,624,Part-time,2071.0000804662673,8999.999642372146
Male,Apprenticeship/ some college,Office 2,Junior,58,1,1933,5740,625,Full-time,1933,5740
Male,Apprenticeship/ some college,Office 6,Junior,58,0.800000011920929,1028,5430,626,Part-time,1284.999980852008,6787.49989885837
Male,Apprenticeship/ some college,Office 1,Junior,57,1,2013,4050,627,Full-time,2013,4050
Male,Apprenticeship/ some college,Office 2,Junior,57,1,1599,5430,628,Full-time,1599,5430
Male,BA/ BSc,Office 2,Junior,57,0.5,863.5,4980,629,Part-time,1727,9960
Male,BA/ BSc,Office 2,Junior,57,1,1472,4940,630,Full-time,1472,4940
Male,BA/ BSc,Office 1,Junior,56,0.800000011920929,1039.2000732421875,4390,631,Part-time,1299.0000721961248,5487.499918229879
Male,Apprenticeship/ some college,Office 6,Junior,56,0.800000011920929,1316,6530,632,Part-time,1644.9999754875903,8162.499878369274
Male,Apprenticeship/ some college,Office 5,Junior,56,0.5,777.5,5260,633,Part-time,1555,10520
Female,Apprenticeship/ some college,Office 4,Junior,56,1,1647,3290,634,Full-time,1647,3290
Male,Apprenticeship/ some college,Office 3,Junior,56,0.6600000262260437,970.20001220703125,5590,635,Part-time,1469.9999600829517,8469.696633141464
Male,BA/ BSc,Office 2,Junior,56,1,1799,6110,636,Full-time,1799,6110
Female,BA/ BSc,Office 5,Junior,56,1,1746,6930,637,Full-time,1746,6930
Female,BA/ BSc,Office 6,Junior,55,1,1593,5140,638,Full-time,1593,5140
Male,Apprenticeship/ some college,Office 5,Junior,55,1,1501,5250,639,Full-time,1501,5250
Male,Apprenticeship/ some college,Office 4,Junior,55,1,1270,5150,640,Full-time,1270,5150
Male,Apprenticeship/ some college,Office 5,Junior,54,0.5,780.5,5470,641,Part-time,1561,10940
Male,Apprenticeship/ some college,Office 1,Junior,54,0.5,795.5,5120,642,Part-time,1591,10240
Female,Apprenticeship/ some college,Office 4,Junior,54,1,1494,5560,643,Full-time,1494,5560
Male,Apprenticeship/ some college,Office 5,Junior,54,1,1373,7450,644,Full-time,1373,7450
Female,Apprenticeship/ some college,Office 3,Junior,53,1,1469,4610,645,Full-time,1469,4610
Male,BA/ BSc,Office 6,Senior,53,0.800000011920929,1362.4000244140625,7060,646,Part-time,1703.0000051409006,8824.999868497254
Male,Apprenticeship/ some college,Office 1,Junior,53,1,1069,6120,647,Full-time,1069,6120
Male,BA/ BSc,Office 1,Junior,52,0.5,974.5,4970,648,Part-time,1949,9940
Female,BA/ BSc,Office 6,Junior,52,1,1767,7250,649,Full-time,1767,7250
Male,Apprenticeship/ some college,Office 1,Junior,52,1,1520,4760,650,Full-time,1520,4760
Female,BA/ BSc,Office 5,Junior,52,0.800000011920929,1336.800048828125,4060,651,Part-time,1671.0000361353154,5074.999924376608
Male,BA/ BSc,Office 4,Junior,52,1,1470,6490,652,Full-time,1470,6490
Male,Apprenticeship/ some college,Office 1,Junior,52,1,1072,3780,653,Full-time,1072,3780
Male,Apprenticeship/ some college,Office 4,Junior,52,1,1584,6430,654,Full-time,1584,6430
Male,BA/ BSc,Office 1,Junior,52,1,1898,4900,655,Full-time,1898,4900
Female,BA/ BSc,Office 4,Junior,51,0.5,715.5,4420,656,Part-time,1431,8840
Female,Apprenticeship/ some college,Office 3,Junior,51,1,1390,3510,657,Full-time,1390,3510
Male,BA/ BSc,Office 6,Junior,51,1,1355,6640,658,Full-time,1355,6640
Female,MA/ MSc,Office 1,Junior,50,1,1793,4610,659,Full-time,1793,4610
Male,Apprenticeship/ some college,Office 6,Junior,50,0.5,657,4660,660,Part-time,1314,9320
Female,Apprenticeship/ some college,Office 2,Junior,49,0.800000011920929,1169.5999755859375,2430,661,Part-time,1461.999947696925,3037.4999547377233
Male,Apprenticeship/ some college,Office 5,Junior,49,0.6600000262260437,916.74005126953125,6990,662,Part-time,1389.000022487206,10590.908670064191
Female,Apprenticeship/ some college,Office 3,Junior,49,1,1590,5220,663,Full-time,1590,5220
Male,Apprenticeship/ some college,Office 2,Junior,49,1,1862,5380,664,Full-time,1862,5380
Female,BA/ BSc,Office 6,Junior,49,1,1408,6310,665,Full-time,1408,6310
Male,Apprenticeship/ some college,Office 1,Junior,47,1,1541,6410,666,Full-time,1541,6410
Male,BA/ BSc,Office 6,Assistant,47,1,1790,8520,667,Full-time,1790,8520
Male,BA/ BSc,Office 1,Junior,47,1,1184,7040,668,Full-time,1184,7040
Male,Apprenticeship/ some college,Office 6,Junior,46,1,1862,5640,669,Full-time,1862,5640
Female,Apprenticeship/ some college,Office 2,Junior,46,1,1597,3950,670,Full-time,1597,3950
Male,Apprenticeship/ some college,Office 4,Senior,46,1,1198,5780,671,Full-time,1198,5780
Male,Apprenticeship/ some college,Office 2,Junior,46,0.800000011920929,1121.5999755859375,4310,672,Part-time,1401.9999485909946,5387.499919719995
Female,MA/ MSc,Office 2,Junior,46,1,1352,0,673,Full-time,1352,0
Male,Apprenticeship/ some college,Office 4,Junior,45,0.800000011920929,1115.2000732421875,5490,674,Part-time,1394.0000707805145,6862.499897740783
Female,BA/ BSc,Office 4,Junior,44,1,1520,3510,675,Full-time,1520,3510
Male,Apprenticeship/ some college,Office 3,Junior,44,1,1724,5380,676,Full-time,1724,5380
Male,Apprenticeship/ some college,Office 4,Junior,44,0.800000011920929,911.20001220703125,5080,677,Part-time,1138.9999982863665,6349.999905377628
Male,Apprenticeship/ some college,Office 2,Junior,43,0.5,820,5120,678,Part-time,1640,10240
Female,Apprenticeship/ some college,Office 6,Junior,43,1,1173,4210,679,Full-time,1173,4210
Female,BA/ BSc,Office 2,Junior,43,1,1549,4970,680,Full-time,1549,4970
Male,BA/ BSc,Office 1,Junior,43,1,1647,6270,681,Full-time,1647,6270
Male,Apprenticeship/ some college,Office 1,Junior,43,1,1437,3310,682,Full-time,1437,3310
Female,BA/ BSc,Office 4,Junior,42,1,1869,5840,683,Full-time,1869,5840
Male,Apprenticeship/ some college,Office 4,Junior,42,1,1738,6310,684,Full-time,1738,6310
Female,Apprenticeship/ some college,Office 6,Junior,42,1,1609,6280,685,Full-time,1609,6280
Male,Apprenticeship/ some college,Office 1,Junior,42,0.800000011920929,986.4000244140625,5250,686,Part-time,1233.0000121444461,6562.4999022111315
Male,BA/ BSc,Office 1,Junior,42,0.800000011920929,1178.4000244140625,4950,687,Part-time,1473.0000085681675,6187.499907799067
Female,Apprenticeship/ some college,Office 3,Junior,41,1,1877,4440,688,Full-time,1877,4440
Female,Apprenticeship/ some college,Office 6,Junior,40,1,1611,7060,689,Full-time,1611,7060
Male,Apprenticeship/ some college,Office 1,Junior,40,0.6600000262260437,1141.800048828125,5350,690,Part-time,1730.0000052379837,8106.06028395471
Male,BA/ BSc,Office 2,Junior,40,0.800000011920929,1482.4000244140625,4960,691,Part-time,1853.0000029057264,6199.999907612802
Male,Apprenticeship/ some college,Office 6,Junior,40,0.6600000262260437,1255.320068359375,6240,692,Part-time,1902.00002799612,9454.545078855588
Male,Apprenticeship/ some college,Office 4,Junior,39,0.6600000262260437,1083.06005859375,3220,693,Part-time,1641.0000235709267,4878.787684922274
Female,Apprenticeship/ some college,Office 1,Junior,39,1,1361,4040,694,Full-time,1361,4040
Male,BA/ BSc,Office 1,Junior,39,1,1616,4950,695,Full-time,1616,4950
Male,Apprenticeship/ some college,Office 3,Junior,39,1,1015,4220,696,Full-time,1015,4220
Male,Apprenticeship/ some college,Office 5,Senior,39,1,1621,5560,697,Full-time,1621,5560
Male,BA/ BSc,Office 1,Junior,38,0.6600000262260437,1133.8800048828125,4540,698,Part-time,1717.9999391310166,6878.787605449417
Male,Apprenticeship/ some college,Office 4,Junior,38,1,1254,6290,699,Full-time,1254,6290
Male,Apprenticeship/ some college,Office 1,Junior,38,1,2035,6040,700,Full-time,2035,6040
Male,Apprenticeship/ some college,Office 4,Junior,38,1,1863,5550,701,Full-time,1863,5550
Male,Apprenticeship/ some college,Office 3,Junior,37,1,1471,6100,702,Full-time,1471,6100
Female,Apprenticeship/ some college,Office 6,Junior,37,1,1897,4590,703,Full-time,1897,4590
Male,Apprenticeship/ some college,Office 2,Junior,37,0.6600000262260437,897.60003662109375,5490,704,Part-time,1360.000001444961,8318.181487646983
Male,Apprenticeship/ some college,Office 4,Junior,37,0.6600000262260437,767.58001708984375,4630,705,Part-time,1162.9999796802356,7015.15123639445
Male,Apprenticeship/ some college,Office 3,Junior,37,0.6600000262260437,879.12005615234375,4310,706,Part-time,1332.0000321503828,6530.302770812113
Male,BA/ BSc,Office 1,Junior,37,0.6600000262260437,1001.8800659179688,5920,707,Part-time,1518.0000395558081,8969.696613273249
Male,BA/ BSc,Office 2,Junior,36,0.6600000262260437,1080.4200439453125,5080,708,Part-time,1637.0000015352712,7696.969391119613
Male,Apprenticeship/ some college,Office 2,Junior,36,0.800000011920929,1436,5500,709,Part-time,1794.999973252416,6874.999897554519
Female,Apprenticeship/ some college,Office 5,Junior,36,1,1364,4680,710,Full-time,1364,4680
Male,BA/ BSc,Office 3,Junior,35,1,920,6960,711,Full-time,920,6960
Female,BA/ BSc,Office 1,Junior,35,1,1704,2330,712,Full-time,1704,2330
Male,Apprenticeship/ some college,Office 2,Junior,35,1,1115,6030,713,Full-time,1115,6030
Male,BA/ BSc,Office 4,Junior,34,0.5,935.5,4530,714,Part-time,1871,9060
Male,BA/ BSc,Office 5,Junior,33,1,2147,5540,715,Full-time,2147,5540
Female,BA/ BSc,Office 1,Junior,32,1,1891,4140,716,Full-time,1891,4140
Male,Apprenticeship/ some college,Office 2,Junior,32,0.800000011920929,1176.800048828125,6170,717,Part-time,1471.0000391155475,7712.499885074796
Female,BA/ BSc,Office 4,Junior,32,1,1549,5140,718,Full-time,1549,5140
Male,Apprenticeship/ some college,Office 6,Junior,31,0.5,600,5480,719,Part-time,1200,10960
Female,Apprenticeship/ some college,Office 4,Junior,31,0.800000011920929,1129.5999755859375,4730,720,Part-time,1411.999948441983,5912.499911896885
Female,Apprenticeship/ some college,Office 5,Junior,31,1,1845,4230,721,Full-time,1845,4230
Male,Apprenticeship/ some college,Office 5,Junior,31,0.6600000262260437,981.4200439453125,3170,722,Part-time,1487.0000074957354,4803.0301121750335
Male,BA/ BSc,Office 5,Junior,31,1,1369,7710,723,Full-time,1369,7710
Male,Apprenticeship/ some college,Office 1,Junior,31,1,1421,4730,724,Full-time,1421,4730
Male,BA/ BSc,Office 5,Senior,30,1,1939,6930,725,Full-time,1939,6930
Female,BA/ BSc,Office 6,Junior,29,1,1835,5380,726,Full-time,1835,5380
Male,Apprenticeship/ some college,Office 4,Junior,29,0.800000011920929,1470.4000244140625,4970,727,Part-time,1838.0000031292439,6212.499907426538
Male,Apprenticeship/ some college,Office 3,Junior,28,1,1527,4310,728,Full-time,1527,4310
Female,Apprenticeship/ some college,Office 6,Junior,28,1,1307,5440,729,Full-time,1307,5440
Female,Apprenticeship/ some college,Office 5,Junior,27,1,1604,4400,730,Full-time,1604,4400
Male,Apprenticeship/ some college,Office 4,Junior,27,0.5,677.5,4410,731,Part-time,1355,8820
Male,Apprenticeship/ some college,Office 3,Junior,27,1,1337,4710,732,Full-time,1337,4710
Male,Apprenticeship/ some college,Office 2,Junior,27,0.6600000262260437,1088.340087890625,3550,733,Part-time,1649.000067642238,5378.78766505406
Female,Apprenticeship/ some college,Office 3,Junior,27,1,1304,5440,734,Full-time,1304,5440
Male,Apprenticeship/ some college,Office 4,Junior,26,0.6600000262260437,1229.580078125,4070,735,Part-time,1863.0000443422416,6166.666421625359
Male,BA/ BSc,Office 4,Junior,26,0.6600000262260437,1516.02001953125,4950,736,Part-time,2296.999938318226,7499.999701976788
Female,BA/ BSc,Office 2,Junior,25,0.800000011920929,1568.800048828125,3420,737,Part-time,1961.0000318139787,4274.999936297537
Female,Apprenticeship/ some college,Office 4,Junior,25,1,1281,5020,738,Full-time,1281,5020
Male,Apprenticeship/ some college,Office 2,Junior,25,1,1559,5400,739,Full-time,1559,5400
Male,BA/ BSc,Office 1,Junior,24,1,1484,7200,740,Full-time,1484,7200
Male,Apprenticeship/ some college,Office 3,Junior,24,0.800000011920929,1608.800048828125,4920,741,Part-time,2011.0000310689206,6149.9999083578605
Male,BA/ BSc,Office 6,Junior,24,0.5,873.5,6100,742,Part-time,1747,12200
Male,Apprenticeship/ some college,Office 4,Junior,22,1,1303,6830,743,Full-time,1303,6830
Female,Apprenticeship/ some college,Office 4,Junior,22,1,2141,3040,744,Full-time,2141,3040
Female,Apprenticeship/ some college,Office 4,Junior,22,0.800000011920929,960,4580,745,Part-time,1199.9999821186068,5724.999914690853
Female,Apprenticeship/ some college,Office 4,Junior,22,1,1341,3350,746,Full-time,1341,3350
Male,Apprenticeship/ some college,Office 2,Junior,20,0.6600000262260437,1016.4000244140625,3640,747,Part-time,1539.9999757969028,5515.151295999092
Male,Apprenticeship/ some college,Office 3,Junior,19,0.800000011920929,1251.2000732421875,5040,748,Part-time,1564.0000682473174,6299.999906122686
Female,Apprenticeship/ some college,Office 6,Junior,19,1,1565,6070,749,Full-time,1565,6070
Female,Apprenticeship/ some college,Office 4,Junior,18,0.5,688,3420,750,Part-time,1376,6840
Male,Apprenticeship/ some college,Office 4,Junior,18,0.800000011920929,1465.5999755859375,5390,751,Part-time,1831.9999421834955,6737.499899603428
Female,BA/ BSc,Office 6,Junior,18,0.800000011920929,1724.800048828125,5540,752,Part-time,2156.0000289082523,6924.999896809461
Male,Apprenticeship/ some college,Office 5,Junior,18,1,1820,4900,753,Full-time,1820,4900
Male,Apprenticeship/ some college,Office 2,Junior,18,1,1572,5820,754,Full-time,1572,5820
Male,Apprenticeship/ some college,Office 4,Junior,18,1,1698,6360,755,Full-time,1698,6360
Male,Apprenticeship/ some college,Office 2,Junior,17,0.6600000262260437,1001.2200317382812,5470,756,Part-time,1516.9999878081412,8287.878458548086
Male,Apprenticeship/ some college,Office 3,Junior,17,0.6600000262260437,1010.4600219726562,3580,757,Part-time,1530.9999724554305,5424.242208702404
Male,Apprenticeship/ some college,Office 5,Junior,17,1,1711,6640,758,Full-time,1711,6640
Male,Apprenticeship/ some college,Office 4,Junior,17,0.6600000262260437,1041.47998046875,4870,759,Part-time,1577.9999077031143,7378.7875855812035
Male,BA/ BSc,Office 3,Junior,16,0.800000011920929,1126.4000244140625,5800,760,Part-time,1408.000009536743,7249.999891966583
Female,BA/ BSc,Office 4,Junior,15,1,1716,5160,761,Full-time,1716,5160
Male,BA/ BSc,Office 3,Junior,15,1,1522,5380,762,Full-time,1522,5380
Male,Apprenticeship/ some college,Office 1,Junior,15,1,1495,4230,763,Full-time,1495,4230
Male,Apprenticeship/ some college,Office 2,Junior,15,1,1605,7200,764,Full-time,1605,7200
Male,BA/ BSc,Office 1,Junior,14,0.5,562.5,4270,765,Part-time,1125,8540
Female,BA/ BSc,Office 1,Junior,14,1,1156,6780,766,Full-time,1156,6780
Female,Apprenticeship/ some college,Office 5,Junior,13,1,1811,5600,767,Full-time,1811,5600
Male,Apprenticeship/ some college,Office 5,Junior,13,0.800000011920929,1246.4000244140625,4390,768,Part-time,1558.000007301569,5487.499918229879
Female,Apprenticeship/ some college,Office 3,Junior,12,1,1694,4070,769,Full-time,1694,4070
Male,Apprenticeship/ some college,Office 1,Junior,12,1,1592,6370,770,Full-time,1592,6370
Female,Apprenticeship/ some college,Office 4,Junior,11,1,1837,3510,771,Full-time,1837,3510
Female,BA/ BSc,Office 4,Junior,11,0.6600000262260437,782.760009765625,4050,772,Part-time,1185.999967668997,6136.363392526463
Female,Apprenticeship/ some college,Office 3,Junior,10,1,1378,3060,773,Full-time,1378,3060
Male,Apprenticeship/ some college,Office 5,Junior,10,0.6600000262260437,1411.080078125,4790,774,Part-time,2138.000033414724,7257.575469185619
Male,Apprenticeship/ some college,Office 4,Junior,10,0.6600000262260437,838.86004638671875,4620,775,Part-time,1271.000019777904,6999.999721845002
Male,Apprenticeship/ some college,Office 2,Junior,9,1,1473,5030,776,Full-time,1473,5030
Male,BA/ BSc,Office 1,Junior,9,1,1714,6050,777,Full-time,1714,6050
Male,Apprenticeship/ some college,Office 3,Senior,9,1,1762,5170,778,Full-time,1762,5170
Female,Apprenticeship/ some college,Office 6,Junior,9,0.6600000262260437,963.60003662109375,3720,779,Part-time,1459.9999974713182,5636.363412394677
Female,MA/ MSc,Office 6,Senior,8,1,2094,5440,780,Full-time,2094,5440
Male,Apprenticeship/ some college,Office 3,Junior,7,0.800000011920929,1216.800048828125,4280,781,Part-time,1521.0000383704894,5349.9999202787885
Male,Apprenticeship/ some college,Office 2,Junior,6,1,1536,5140,782,Full-time,1536,5140
Male,BA/ BSc,Office 5,Junior,5,1,1262,6930,783,Full-time,1262,6930
Male,BA/ BSc,Office 2,Junior,3,1,1597,0,784,Full-time,1597,0
Female,Apprenticeship/ some college,Office 2,Junior,3,1,1564,0,785,Full-time,1564,0
Female,Apprenticeship/ some college,Office 2,Junior,3,1,1642,0,786,Full-time,1642,0
Male,Apprenticeship/ some college,Office 1,Junior,2,0.800000011920929,1404.800048828125,0,787,Part-time,1756.0000348687167,0
Male,Apprenticeship/ some college,Office 3,Junior,2,0.5,850.5,0,788,Part-time,1701,0
Male,Apprenticeship/ some college,Office 4,NA,NA,0.5,739.5,0,789,Part-time,1479,0
